{
"pools": [
{
"rolls": 1,
"entries": [
{
"type": "minecraft:item",
	"name": "minecraft:iron_nugget",
"functions": [
{
"function": "minecraft:set_count",
"count": {
"type": "minecraft:score",
"target": {
"type": "minecraft:fixed",
	"name": "#set_count"
},
	"score": "F77_ACD_temp",
	"scale": 0.03987730061
}
}
]
}
]
},

{
"rolls": 1,
"entries": [
{
"type": "minecraft:item",
	"name": "minecraft:stick",
"functions": [
{
"function": "minecraft:set_count",
"count": {
"type": "minecraft:score",
"target": {
"type": "minecraft:fixed",
	"name": "#set_count"
},
	"score": "F77_ACD_temp",
	"scale": 0.01226993865
}
}
]
}
]
},

{
"rolls": 1,
"entries": [

{
"type": "minecraft:item",
	"name": "minecraft:string",
"functions": [
{
"function": "minecraft:set_count",
"count": {
"type": "minecraft:score",
"target": {
"type": "minecraft:fixed",
	"name": "#set_count"
},
	"score": "F77_ACD_temp",
	"scale": 0.00613496932
}
}
]
}
]
}



]
}
