{
  "display": {
    "icon": {
      "item": "minecraft:crafting_table"
    },
    "title": {
		"translate": "fafik77.auto_crafting_droppers.name"
	},
	"description": {
		"translate": "fafik77.auto_crafting_droppers.descript"
	},
    "frame": "task",
    "show_toast": true,
    "announce_to_chat": false,
    "hidden": false
  },
  "parent": "fafik77:advancements/root",
  "criteria": {
    "requirement": {
      "trigger": "minecraft:inventory_changed",
      "conditions": {
        "items": [
          {
            "items": [
			  "minecraft:crafting_table"
			],
			"nbt": "{display:{Name:'{\"text\":\"Auto Crafting\"}'}}"
          }
        ]
      }
    }
  }
}